input_id,link,title,category,address,open_hours,popular_times,website,phone,plus_code,review_count,review_rating,reviews_per_rating,latitude,longitude,cid,status,descriptions,reviews_link,thumbnail,timezone,price_range,data_id,images,reservations,order_online,menu,owner,complete_address,about,user_reviews,user_reviews_extended,emails
c6d9da86-e5ab-4ece-80a1-2fa4745ef2f0,https://www.google.com/maps/place/OLAYLI+%C4%B0LKOKULU/data=!4m7!3m6!1s0x14cab90cab2f6119:0x388c654519b55545!8m2!3d41.0195561!4d28.9550167!16s%2Fg%2F11sx20zfrf!19sChIJGWEvqwy5yhQRRVW1GUVljDg?authuser=0&hl=en&rclk=1,OLAYLI İLKOKULU,Preschool,"Zeyrek, 34083 Fatih/İstanbul, Türkiye",{},{},,,,0,0.000000,"{""1"":0,""2"":0,""3"":0,""4"":0,""5"":0}",41.019556,28.955017,4074743110321919301,,,,https://streetviewpixels-pa.googleapis.com/v1/thumbnail?panoid=Mh761vbImwGf9825cg96Mg&cb_client=search.gws-prod.gps&w=408&h=240&yaw=100.95814&pitch=0&thumbfov=100,Europe/Istanbul,,0x14cab90cab2f6119:0x388c654519b55545,"[{""title"":""All"",""image"":""https://streetviewpixels-pa.googleapis.com/v1/thumbnail?panoid=Mh761vbImwGf9825cg96Mg\u0026cb_client=maps_sv.tactile.gps\u0026w=224\u0026h=298\u0026yaw=100.95814\u0026pitch=0\u0026thumbfov=100""},{""title"":""Street View \u0026 360°"",""image"":""https://streetviewpixels-pa.googleapis.com/v1/thumbnail?panoid=Mh761vbImwGf9825cg96Mg\u0026cb_client=maps_sv.tactile.gps\u0026w=224\u0026h=298\u0026yaw=100.95814\u0026pitch=0\u0026thumbfov=100""}]",null,null,"{""link"":"""",""source"":""""}","{""id"":"""",""name"":""OLAYLI İLKOKULU (Owner)"",""link"":""""}","{""borough"":"""",""street"":"""",""city"":"""",""postal_code"":"""",""state"":"""",""country"":""""}",null,[],null,
c6d9da86-e5ab-4ece-80a1-2fa4745ef2f0,https://www.google.com/maps/place/%C4%B0stanbul+Fatih+29+May%C4%B1s+%C4%B0lkokulu/data=!4m7!3m6!1s0x14cab98ac4a07fc1:0x8a8c926ce0f6ba1e!8m2!3d41.0186079!4d28.955205!16s%2Fg%2F1td0782g!19sChIJwX-gxIq5yhQRHrr24GySjIo?authuser=0&hl=en&rclk=1,İstanbul Fatih 29 Mayıs İlkokulu,General education school,"Zeyrek, Ömer Efendi Sk. No:22, 34083 Fatih/İstanbul, Türkiye",{},{},http://29mayisilkokulu.meb.k12.tr/,+90 212 533 47 57,"2X94+C3 Fatih, İstanbul, Türkiye",0,0.000000,"{""1"":0,""2"":0,""3"":0,""4"":0,""5"":0}",41.018608,28.955205,9983515470301936158,,,,https://lh3.googleusercontent.com/gps-cs-s/AG0ilSzPGWFyEy7QXPRbhwWdzfO-vxyGqmXhyiwUIotb0lv5L6rkqUXVo0d5U7T-F5I0QW5AYQXyjFFq5EFcxnb6bRCN1l-sAwdNZQOOiReJxIoc6-2RuvQqIRWC8PPJRiBWt-FgMHBczQ=w408-h306-k-no,Europe/Istanbul,,0x14cab98ac4a07fc1:0x8a8c926ce0f6ba1e,"[{""title"":""All"",""image"":""https://lh3.googleusercontent.com/gps-cs-s/AG0ilSzPGWFyEy7QXPRbhwWdzfO-vxyGqmXhyiwUIotb0lv5L6rkqUXVo0d5U7T-F5I0QW5AYQXyjFFq5EFcxnb6bRCN1l-sAwdNZQOOiReJxIoc6-2RuvQqIRWC8PPJRiBWt-FgMHBczQ=w397-h298-k-no""},{""title"":""Street View \u0026 360°"",""image"":""https://streetviewpixels-pa.googleapis.com/v1/thumbnail?panoid=g1NgB4MWCT6bUm2gZBNLBg\u0026cb_client=maps_sv.tactile.gps\u0026w=224\u0026h=298\u0026yaw=131.21175\u0026pitch=0\u0026thumbfov=100""}]",null,null,"{""link"":"""",""source"":""""}","{""id"":""116371605471365038130"",""name"":""İstanbul Fatih 29 Mayıs İlkokulu (Owner)"",""link"":""https://www.google.com/maps/contrib/116371605471365038130""}","{""borough"":""Zeyrek"",""street"":""Ömer Efendi Sk. No:22"",""city"":""Fatih"",""postal_code"":""34083"",""state"":""İstanbul"",""country"":""TR""}","[{""id"":""accessibility"",""name"":""Accessibility"",""options"":[{""name"":""Wheelchair-accessible car park"",""enabled"":true},{""name"":""Wheelchair-accessible entrance"",""enabled"":true}]}]",[],null,
c6d9da86-e5ab-4ece-80a1-2fa4745ef2f0,https://www.google.com/maps/place/Dogan+Koleji/data=!4m7!3m6!1s0x14cab8263e25e30d:0xcb3762ff5badc810!8m2!3d41.0186813!4d29.0123027!16s%2Fg%2F11j4921w7n!19sChIJDeMlPia4yhQREMitW_9iN8s?authuser=0&hl=en&rclk=1,Dogan Koleji,K-12 school,"Salacak, Bestekar Selahattin Pınar Sk. No:15, 34672 Üsküdar/İstanbul, Türkiye",{},{},http://www.dogankoleji.com/,+90 216 341 04 18,"2296+FW Üsküdar, İstanbul, Türkiye",2,4.500000,"{""1"":0,""2"":0,""3"":0,""4"":1,""5"":1}",41.018681,29.012303,14643281562312755216,,,,https://lh3.googleusercontent.com/p/AF1QipNMnfW6Tk7pVG9FZmCS6U9f8ESYJ4EJhiH_9yYS=w408-h290-k-no,Europe/Istanbul,,0x14cab8263e25e30d:0xcb3762ff5badc810,"[{""title"":""All"",""image"":""https://lh3.googleusercontent.com/p/AF1QipNMnfW6Tk7pVG9FZmCS6U9f8ESYJ4EJhiH_9yYS=w418-h298-k-no""},{""title"":""By owner"",""image"":""https://lh3.googleusercontent.com/p/AF1QipNxnZl2IlR37ZRVxyhR3hGFALodlNCpM3c_XuDr=w446-h298-k-no""},{""title"":""Street View \u0026 360°"",""image"":""https://streetviewpixels-pa.googleapis.com/v1/thumbnail?panoid=PyNMGqLC8tvtsZS6IHZTUQ\u0026cb_client=maps_sv.tactile.gps\u0026w=224\u0026h=298\u0026yaw=245.13539\u0026pitch=0\u0026thumbfov=100""}]",null,null,"{""link"":"""",""source"":""""}","{""id"":""109997894330359092464"",""name"":""Dogan Koleji (Owner)"",""link"":""https://www.google.com/maps/contrib/109997894330359092464""}","{""borough"":""Salacak"",""street"":""Bestekar Selahattin Pınar Sk. No:15"",""city"":""Üsküdar"",""postal_code"":""34672"",""state"":""İstanbul"",""country"":""TR""}","[{""id"":""accessibility"",""name"":""Accessibility"",""options"":[{""name"":""Wheelchair-accessible car park"",""enabled"":true},{""name"":""Wheelchair-accessible entrance"",""enabled"":true}]}]",[],null,
c6d9da86-e5ab-4ece-80a1-2fa4745ef2f0,https://www.google.com/maps/place/Sokullu+Mehmet+Pasa+Ilkogretim+Okulu/data=!4m7!3m6!1s0x14cab8202567a04b:0x53c6777526169cfc!8m2!3d41.0177494!4d29.0222003!16s%2Fg%2F1tfswd43!19sChIJS6BnJSC4yhQR_JwWJnV3xlM?authuser=0&hl=en&rclk=1,Sokullu Mehmet Pasa Ilkogretim Okulu,Elementary school,"Valide-i Atik, Eski Toptaşı Cd. No:106, 34664 Üsküdar/İstanbul, Türkiye","{""Friday"":[""9 am–5 pm""],""Monday"":[""9 am–5 pm""],""Saturday"":[""Closed""],""Sunday"":[""Closed""],""Thursday"":[""9 am–5 pm""],""Tuesday"":[""9 am–5 pm""],""Wednesday"":[""9 am–5 pm""]}",{},http://sokullumehmetpasailkokulu.meb.k12.tr/meb_iys_dosyalar/34/22/736340/okulumuz_hakkinda.html,+90 216 553 31 21,"229C+3V Üsküdar, İstanbul, Türkiye",0,0.000000,"{""1"":0,""2"":0,""3"":0,""4"":0,""5"":0}",41.017749,29.022200,6036643695570623740,,,,https://lh3.googleusercontent.com/gps-cs-s/AG0ilSyJukGr30Aecd2P0P5oiY3WbqTBg2b0t9GLXQjzgk-wAY1esXgCkk3ZSdSLd3v-V-wi124JvwATkzzr8HNbbIpEJPLq3EC_AEd00q0i3-uCApQ1s5sIsUU1-FqyEUd0Oz9bqGfs8A=w408-h306-k-no,Europe/Istanbul,,0x14cab8202567a04b:0x53c6777526169cfc,"[{""title"":""All"",""image"":""https://lh3.googleusercontent.com/gps-cs-s/AG0ilSyJukGr30Aecd2P0P5oiY3WbqTBg2b0t9GLXQjzgk-wAY1esXgCkk3ZSdSLd3v-V-wi124JvwATkzzr8HNbbIpEJPLq3EC_AEd00q0i3-uCApQ1s5sIsUU1-FqyEUd0Oz9bqGfs8A=w397-h298-k-no""},{""title"":""Street View \u0026 360°"",""image"":""https://streetviewpixels-pa.googleapis.com/v1/thumbnail?panoid=J7zmfp1GK_9o5Xn3jNQqKA\u0026cb_client=maps_sv.tactile.gps\u0026w=224\u0026h=298\u0026yaw=79.88141\u0026pitch=0\u0026thumbfov=100""}]",null,null,"{""link"":"""",""source"":""""}","{""id"":""102896288214152592471"",""name"":""Sokullu Mehmet Pasa Ilkogretim Okulu (Owner)"",""link"":""https://www.google.com/maps/contrib/102896288214152592471""}","{""borough"":""Validei Atik"",""street"":""Eski Toptaşı Cd. No:106"",""city"":""Üsküdar"",""postal_code"":""34664"",""state"":""İstanbul"",""country"":""TR""}","[{""id"":""accessibility"",""name"":""Accessibility"",""options"":[{""name"":""Wheelchair-accessible entrance"",""enabled"":true}]}]",[],null,
c6d9da86-e5ab-4ece-80a1-2fa4745ef2f0,https://www.google.com/maps/place/Hilmi+Celikoglu+Primary+School/data=!4m7!3m6!1s0x14cab7f4bcffcd65:0x573fae303a6e44bb!8m2!3d41.0229279!4d29.0238243!16s%2Fg%2F1tmcv9yp!19sChIJZc3_vPS3yhQRu0RuOjCuP1c?authuser=0&hl=en&rclk=1,Hilmi Celikoglu Primary School,Combined primary and secondary school,"Murat Reis, Hatmi Sk. No:13 D:2, 34664 Üsküdar/İstanbul, Türkiye",{},{},https://hilmicelikoglu.meb.k12.tr/,+90 216 553 44 94,"22FF+5G Üsküdar, İstanbul, Türkiye",0,0.000000,"{""1"":0,""2"":0,""3"":0,""4"":0,""5"":0}",41.022928,29.023824,6286935126994470075,,,,https://lh3.googleusercontent.com/p/AF1QipO3t36S4ZYOOu7yJKRUd-vLEOfXlg3psgDCQzTF=w408-h306-k-no,Europe/Istanbul,,0x14cab7f4bcffcd65:0x573fae303a6e44bb,"[{""title"":""All"",""image"":""https://lh3.googleusercontent.com/p/AF1QipO3t36S4ZYOOu7yJKRUd-vLEOfXlg3psgDCQzTF=w397-h298-k-no""},{""title"":""By owner"",""image"":""https://lh3.googleusercontent.com/p/AF1QipO--B4D6cJHaaeBhTdI1UK01oDHl8z5i8GQobO5=w397-h298-k-no""},{""title"":""Street View \u0026 360°"",""image"":""https://streetviewpixels-pa.googleapis.com/v1/thumbnail?panoid=R5yrSqY9ea1JOmy5F5-z3g\u0026cb_client=maps_sv.tactile.gps\u0026w=224\u0026h=298\u0026yaw=68.88167\u0026pitch=0\u0026thumbfov=100""}]",null,null,"{""link"":"""",""source"":""""}","{""id"":""115512043727173351015"",""name"":""Hilmi Celikoglu Primary School (Owner)"",""link"":""https://www.google.com/maps/contrib/115512043727173351015""}","{""borough"":""Murat Reis"",""street"":""Hatmi Sk. No:13 D:2"",""city"":""Üsküdar"",""postal_code"":""34664"",""state"":""İstanbul"",""country"":""TR""}",null,[],null,
c6d9da86-e5ab-4ece-80a1-2fa4745ef2f0,https://www.google.com/maps/place/Do%C4%9Fa+Koleji+%C3%9Csk%C3%BCdar+Kamp%C3%BCs%C3%BC/data=!4m7!3m6!1s0x14cab827922cf793:0x316e35deb2e6d753!8m2!3d41.0212455!4d29.012889!16s%2Fg%2F1tpfg74v!19sChIJk_cskie4yhQRU9fmst41bjE?authuser=0&hl=en&rclk=1,Doğa Koleji Üsküdar Kampüsü,Charter school,"Aziz Mahmut Hüdayi, Sümbülzade Sk. No:10, 34672 Üsküdar/İstanbul, Türkiye",{},{},http://www.dogaokullari.com/,+90 216 343 64 00,"22C7+F5 Üsküdar, İstanbul, Türkiye",0,0.000000,"{""1"":0,""2"":0,""3"":0,""4"":0,""5"":0}",41.021245,29.012889,3561843585897125715,,,,https://lh3.googleusercontent.com/gps-cs-s/AG0ilSyPyWQuyBUuNHRztxy83616XprhLV9Uq2O6SkKzoQ0ZHpCBODpsIGJcBUJziU-HO2FDI_CqU2zIULfeaqZRujUBssWbXMYcIfbmjWNNYxNFoCujch0DF3ojKDu84r4SkRrP7_nEUQ=w408-h306-k-no,Europe/Istanbul,,0x14cab827922cf793:0x316e35deb2e6d753,"[{""title"":""All"",""image"":""https://lh3.googleusercontent.com/gps-cs-s/AG0ilSyPyWQuyBUuNHRztxy83616XprhLV9Uq2O6SkKzoQ0ZHpCBODpsIGJcBUJziU-HO2FDI_CqU2zIULfeaqZRujUBssWbXMYcIfbmjWNNYxNFoCujch0DF3ojKDu84r4SkRrP7_nEUQ=w397-h298-k-no""},{""title"":""By owner"",""image"":""https://lh3.googleusercontent.com/p/AF1QipMSBp1pJvHQAVuFFMQeqb5TK00rGEuAhzv7Smhv=w446-h298-k-no""},{""title"":""Videos"",""image"":""https://lh3.googleusercontent.com/gps-cs-s/AG0ilSwtGMxw4GfJPA1GNNTsU-TuCHtfPQOgFpVx09sY2Ct7FI0fZxhIZHCAicyw-PmdAAp_WcLXbrWVbu7vCBeKOiruA5fgGn3ERGJEqNmvWyS5u3s2USnLE7K5uis07xPpGa1EME-q=w298-h298-k-no""},{""title"":""Street View \u0026 360°"",""image"":""https://lh3.googleusercontent.com/gps-cs-s/AG0ilSxB-NxTGq61tGwWllCnb36WiSKrcdniuZA6ATM3jASwUHgC4JA_PjF03htf0R7d0cdRpPQ6Bn-fPoLmvCM-p83m5CFmMMYBrlZ2SnyvMrxuynCinn5X_4PVtdvPEYnNjxgKSzo=w224-h298-k-no-pi-21.38142-ya146.62146-ro-0.9919728-fo100""}]",null,null,"{""link"":"""",""source"":""""}","{""id"":""109960916037561733067"",""name"":""Doğa Koleji Üsküdar Kampüsü (Owner)"",""link"":""https://www.google.com/maps/contrib/109960916037561733067""}","{""borough"":""Aziz Mahmut Hüdayi"",""street"":""Sümbülzade Sk. No:10"",""city"":""Üsküdar"",""postal_code"":""34672"",""state"":""İstanbul"",""country"":""TR""}","[{""id"":""accessibility"",""name"":""Accessibility"",""options"":[{""name"":""Wheelchair-accessible entrance"",""enabled"":true}]}]",[],null,
c6d9da86-e5ab-4ece-80a1-2fa4745ef2f0,https://www.google.com/maps/place/Ozel+Kalfayan+Ermeni+Ilkogretim+Okulu/data=!4m7!3m6!1s0x14cab7f0b476a151:0x68ebfcf3db0df219!8m2!3d41.0214586!4d29.0320677!16s%2Fg%2F11bc7fhfhs!19sChIJUaF2tPC3yhQRGfIN2_P862g?authuser=0&hl=en&rclk=1,Ozel Kalfayan Ermeni Ilkogretim Okulu,Combined primary and secondary school,"Murat Reis, YeniDershane Sok. No:16, 34664 Üsküdar/İstanbul, Türkiye","{""Friday"":[""8 am–5 pm""],""Monday"":[""8 am–5 pm""],""Saturday"":[""Closed""],""Sunday"":[""Closed""],""Thursday"":[""8 am–5 pm""],""Tuesday"":[""8 am–5 pm""],""Wednesday"":[""8 am–5 pm""]}",{},https://www.facebook.com/kalfayanokulu/,+90 216 492 97 81,"22CJ+HR Üsküdar, İstanbul, Türkiye",0,0.000000,"{""1"":0,""2"":0,""3"":0,""4"":0,""5"":0}",41.021459,29.032068,7560414523753886233,,,,https://lh3.googleusercontent.com/p/AF1QipOZ84i5i9D-VIB2CDKTKtD6id-MuDXlSEYDct1y=w408-h544-k-no,Europe/Istanbul,,0x14cab7f0b476a151:0x68ebfcf3db0df219,"[{""title"":""All"",""image"":""https://lh3.googleusercontent.com/p/AF1QipOZ84i5i9D-VIB2CDKTKtD6id-MuDXlSEYDct1y=w224-h298-k-no""},{""title"":""By owner"",""image"":""https://lh3.googleusercontent.com/p/AF1QipOZ84i5i9D-VIB2CDKTKtD6id-MuDXlSEYDct1y=w224-h298-k-no""},{""title"":""Street View \u0026 360°"",""image"":""https://streetviewpixels-pa.googleapis.com/v1/thumbnail?panoid=lh8b4AOqC7nv_SCXXwpl8g\u0026cb_client=maps_sv.tactile.gps\u0026w=224\u0026h=298\u0026yaw=225.33597\u0026pitch=0\u0026thumbfov=100""}]",null,null,"{""link"":"""",""source"":""""}","{""id"":"""",""name"":""Ozel Kalfayan Ermeni Ilkogretim Okulu (Owner)"",""link"":""""}","{""borough"":""Murat Reis"",""street"":""YeniDershane Sok. No:16"",""city"":""Üsküdar"",""postal_code"":""34664"",""state"":""İstanbul"",""country"":""TR""}",null,[],null,
c6d9da86-e5ab-4ece-80a1-2fa4745ef2f0,https://www.google.com/maps/place/3.+Selim+%C4%B0lkokulu/data=!4m7!3m6!1s0x14cab8251be97587:0xf57a241bfc4f44e7!8m2!3d41.0142684!4d29.0135045!16s%2Fg%2F1w6gn4zf!19sChIJh3XpGyW4yhQR50RP_BskevU?authuser=0&hl=en&rclk=1,3. Selim İlkokulu,Public educational institution,"Salacak, Köprülü Konak Sk., 34672 Üsküdar/İstanbul, Türkiye",{},{},http://3selimilkokulu.meb.k12.tr/tema/index.php,+90 216 492 98 64,,0,0.000000,"{""1"":0,""2"":0,""3"":0,""4"":0,""5"":0}",41.014268,29.013504,17688490189066814695,,,,https://lh3.googleusercontent.com/gps-cs-s/AG0ilSyf-9hOrvC6Gslcgu5Weity01DYkXR4mVe0IGSlmHdLGvh0sRorOwaZLTmEXaWj4sQXJca7AykuKSahFMtMTsOhi7pE3J7S1suJ99e1nIzRLtMHqz0fWgzpw3a99QwBcCCm1QVW=w408-h265-k-no,Europe/Istanbul,,0x14cab8251be97587:0xf57a241bfc4f44e7,"[{""title"":""All"",""image"":""https://lh3.googleusercontent.com/gps-cs-s/AG0ilSyf-9hOrvC6Gslcgu5Weity01DYkXR4mVe0IGSlmHdLGvh0sRorOwaZLTmEXaWj4sQXJca7AykuKSahFMtMTsOhi7pE3J7S1suJ99e1nIzRLtMHqz0fWgzpw3a99QwBcCCm1QVW=w458-h298-k-no""},{""title"":""Building"",""image"":""https://lh3.googleusercontent.com/gps-cs-s/AG0ilSziOYdHbzwW3zYkyoHGJZdh3kpusVr9o8yjDvCJzSqnfff3eQShOVlJNjxHH5FPPELn9wh8IWjiZBa18NozfapEza8yU0QSVK9KWz7cJLHugCwNTM0Qz5IwUzFYAuWvIEU2OcJk=w397-h298-k-no""},{""title"":""Videos"",""image"":""https://lh3.googleusercontent.com/gps-cs-s/AG0ilSx0JSSO6E0jSOLp_PV4DAAG7VzX6DdFPIS7SBNkS862WZ-c4HMMKmOL9T3uY9tHXuQwAvHjeh89SdTj0ajngczt6j98BQWIPpEkQaXIdLC95ES2MIkHjqHEtDHWAT297uqQpFle=w529-h298-k-no""},{""title"":""Student"",""image"":""https://lh3.googleusercontent.com/gps-cs-s/AG0ilSwyfJr_nNJcBJr7y2EFag2Fae7WfYb2wtxum5F1aJlfl6cotnWJcPrpYLuklZm-muq8plw-P7Masr4gNXH2JeTyDqn0R9UesumbvrNEKC_2QrZ7PJRATLvvovEFvUDFu_G8mkq90A=w397-h298-k-no""},{""title"":""Street View \u0026 360°"",""image"":""https://streetviewpixels-pa.googleapis.com/v1/thumbnail?panoid=uWdWCpI9JEBZTmrdtQUlbw\u0026cb_client=maps_sv.tactile.gps\u0026w=224\u0026h=298\u0026yaw=165.79332\u0026pitch=0\u0026thumbfov=100""}]",null,null,"{""link"":"""",""source"":""""}","{""id"":"""",""name"":""3. Selim İlkokulu (Owner)"",""link"":""""}","{""borough"":"""",""street"":"""",""city"":"""",""postal_code"":"""",""state"":"""",""country"":""""}","[{""id"":""accessibility"",""name"":""Accessibility"",""options"":[{""name"":""Wheelchair-accessible car park"",""enabled"":true},{""name"":""Wheelchair-accessible entrance"",""enabled"":true}]},{""id"":""amenities"",""name"":""Amenities"",""options"":[{""name"":""Toilet"",""enabled"":true}]},{""id"":""recycling"",""name"":""Recycling"",""options"":[{""name"":""Batteries"",""enabled"":true}]}]",[],null,
c6d9da86-e5ab-4ece-80a1-2fa4745ef2f0,https://www.google.com/maps/place/%C3%96zel+Langa+Rum+Ilk%C3%B6%C4%9Fretim+Okulu/data=!4m7!3m6!1s0x14cab98713bdf4d5:0xedb9a8d37d46093b!8m2!3d41.007054!4d28.9545646!16s%2Fg%2F11dymdqdfm!19sChIJ1fS9E4e5yhQROwlGfdOoue0?authuser=0&hl=en&rclk=1,Özel Langa Rum Ilköğretim Okulu,Parochial school,"Mimar Kemalettin, Hayriye Tüccarı Cd. 4/6, 34130 Fatih/İstanbul, Türkiye",{},{},https://okul.com.tr/ilkokul/istanbul/ozel-langa-rum-ilkokulu-3859,+90 212 516 70 94,,0,0.000000,"{""1"":0,""2"":0,""3"":0,""4"":0,""5"":0}",41.007054,28.954565,17129908283973699899,,,,//lh4.googleusercontent.com/AMksrUx_RlLpZMH2umiyUBsVF2MmOCc5E91G2NUnR-IkxS1IXqqa_xj9i6t3XG-Fhg=w426-h240-k-no,Europe/Istanbul,,0x14cab98713bdf4d5:0xedb9a8d37d46093b,"[{""title"":""All"",""image"":""//lh4.googleusercontent.com/AMksrUx_RlLpZMH2umiyUBsVF2MmOCc5E91G2NUnR-IkxS1IXqqa_xj9i6t3XG-Fhg=w529-h298-k-no""},{""title"":""Street View \u0026 360°"",""image"":""https://streetviewpixels-pa.googleapis.com/v1/thumbnail?panoid=Zx8c2NrsQSP2GNeWYcWe4g\u0026cb_client=maps_sv.tactile.gps\u0026w=224\u0026h=298\u0026yaw=191.92815\u0026pitch=0\u0026thumbfov=100""},{""title"":""Videos"",""image"":""https://lh3.googleusercontent.com/gps-cs-s/AG0ilSzqi38gGJ4A0dcxjgLb1hsH44lI4oIKNPjKPHpGFQoeG3HPC_iNozK_gYEGUGJ8fdxbEcXykUbn93kA78msyw0BY8YfoVlzhtMnjoAj4pRR_Ey39PhY5a5hOUigOkowHLt8BTbS=w224-h398-k-no""}]",null,null,"{""link"":"""",""source"":""""}","{""id"":"""",""name"":""Özel Langa Rum Ilköğretim Okulu (Owner)"",""link"":""""}","{""borough"":"""",""street"":"""",""city"":"""",""postal_code"":"""",""state"":"""",""country"":""""}",null,[],null,
c6d9da86-e5ab-4ece-80a1-2fa4745ef2f0,https://www.google.com/maps/place/Firuzaga+Ilkogretim+Okulu/data=!4m7!3m6!1s0x14cab9df4ee79b81:0x51837e9b288b96a5!8m2!3d41.0304122!4d28.9819305!16s%2Fg%2F1vkr0tnr!19sChIJgZvnTt-5yhQRpZaLKJt-g1E?authuser=0&hl=en&rclk=1,Firuzaga Ilkogretim Okulu,Elementary school,"Firuzağa, Türkgücü Cd. No:64, 34425 Beyoğlu/İstanbul, Türkiye","{""Friday"":[""8:30 am–5 pm""],""Monday"":[""8:30 am–5 pm""],""Saturday"":[""9 am–11:30 pm""],""Sunday"":[""9 am–11:30 pm""],""Thursday"":[""8:30 am–5 pm""],""Tuesday"":[""8:30 am–5 pm""],""Wednesday"":[""8:30 am–5 pm""]}",{},http://firuzagailkokulu.meb.k12.tr/,+90 212 245 26 15,"2XJJ+5Q Beyoğlu, İstanbul, Türkiye",0,0.000000,"{""1"":0,""2"":0,""3"":0,""4"":0,""5"":0}",41.030412,28.981930,5873677543886526117,,,,https://lh3.googleusercontent.com/gps-cs-s/AG0ilSyVmcsvu6w5fTwXmeXrIk-pKPtRvyS2MVRmd2v5GPEj3EdfnJ7mF-9FmaCsnBWvtChTwYCJrXIZ_BsuMsdDqOuDhdbQADVzhhMCfhDu2UpqbLgAZBEwgOpPr5G0Si0hP6sDPJWB=w408-h306-k-no,Europe/Istanbul,,0x14cab9df4ee79b81:0x51837e9b288b96a5,"[{""title"":""All"",""image"":""https://lh3.googleusercontent.com/gps-cs-s/AG0ilSyVmcsvu6w5fTwXmeXrIk-pKPtRvyS2MVRmd2v5GPEj3EdfnJ7mF-9FmaCsnBWvtChTwYCJrXIZ_BsuMsdDqOuDhdbQADVzhhMCfhDu2UpqbLgAZBEwgOpPr5G0Si0hP6sDPJWB=w397-h298-k-no""},{""title"":""By owner"",""image"":""https://lh3.googleusercontent.com/p/AF1QipMqAv1T69aZxyahCaETU6-h4gGl4eMJE_TgD4Xv=w224-h298-k-no""}]",null,null,"{""link"":"""",""source"":""""}","{""id"":""102077483860297810356"",""name"":""Firuzaga Ilkogretim Okulu (Owner)"",""link"":""https://www.google.com/maps/contrib/102077483860297810356""}","{""borough"":""Firuzağa"",""street"":""Türkgücü Cd. No:64"",""city"":""Beyoğlu"",""postal_code"":""34425"",""state"":""İstanbul"",""country"":""TR""}","[{""id"":""accessibility"",""name"":""Accessibility"",""options"":[{""name"":""Wheelchair-accessible car park"",""enabled"":true},{""name"":""Wheelchair-accessible entrance"",""enabled"":true}]}]",[],null,
c6d9da86-e5ab-4ece-80a1-2fa4745ef2f0,https://www.google.com/maps/place/Kuzguncuk+Primary+School/data=!4m7!3m6!1s0x14cab7c2fc253f53:0xea832084bad74d26!8m2!3d41.037551!4d29.032094!16s%2Fg%2F1tfvw54_!19sChIJUz8l_MK3yhQRJk3XuoQgg-o?authuser=0&hl=en&rclk=1,Kuzguncuk Primary School,Elementary school,"Kuzguncuk, Babanakkaş Sokağı No:6, 34674 Üsküdar/İstanbul, Türkiye","{""Friday"":[""9 am–5 pm""],""Monday"":[""9 am–5 pm""],""Saturday"":[""Closed""],""Sunday"":[""Closed""],""Thursday"":[""9 am–5 pm""],""Tuesday"":[""9 am–5 pm""],""Wednesday"":[""9 am–5 pm""]}",{},,+90 216 553 07 23,"22QJ+2R Üsküdar, İstanbul, Türkiye",0,0.000000,"{""1"":0,""2"":0,""3"":0,""4"":0,""5"":0}",41.037551,29.032094,16898385981266677030,,,,https://lh3.googleusercontent.com/gps-cs-s/AG0ilSwa9wz80kGsUtBevN-8oPcvVhhVuTrCjTeZ9EbumOV7sBm_9hjs30LCRVyblT-C-MPqR3n-IqKC7CJpuTteLJVLdAZWDS2gAFoTAEvd7BYLYV2v7Rrd7aGNMyfgOkipaS3_gLuxJg=w408-h544-k-no,Europe/Istanbul,,0x14cab7c2fc253f53:0xea832084bad74d26,"[{""title"":""All"",""image"":""https://lh3.googleusercontent.com/gps-cs-s/AG0ilSwa9wz80kGsUtBevN-8oPcvVhhVuTrCjTeZ9EbumOV7sBm_9hjs30LCRVyblT-C-MPqR3n-IqKC7CJpuTteLJVLdAZWDS2gAFoTAEvd7BYLYV2v7Rrd7aGNMyfgOkipaS3_gLuxJg=w224-h298-k-no""},{""title"":""Street View \u0026 360°"",""image"":""https://streetviewpixels-pa.googleapis.com/v1/thumbnail?panoid=_YCv0kXj-DVOmsJ5elj0Pg\u0026cb_client=maps_sv.tactile.gps\u0026w=224\u0026h=298\u0026yaw=316.60513\u0026pitch=0\u0026thumbfov=100""},{""title"":""Videos"",""image"":""https://lh3.googleusercontent.com/gps-cs-s/AG0ilSzbJX6axV37g-YL0DOxcgpjFmWTA1hx_Bt85RSlH3Gw6rFhLy6H2wZzdK7mn5RzxX0FLOV7UfnIfDq_ja1aGKldtgketcNHuUzVfzEjenCoRmr2NmmDEFbfL75GhaAR2QLiVwA=w224-h398-k-no""}]",null,null,"{""link"":"""",""source"":""""}","{""id"":""109051355225752012059"",""name"":""Kuzguncuk Primary School (Owner)"",""link"":""https://www.google.com/maps/contrib/109051355225752012059""}","{""borough"":""Kuzguncuk"",""street"":""Babanakkaş Sokağı No:6"",""city"":""Üsküdar"",""postal_code"":""34674"",""state"":""İstanbul"",""country"":""TR""}",null,[],null,
c6d9da86-e5ab-4ece-80a1-2fa4745ef2f0,https://www.google.com/maps/place/Halil+Rustu+Ilkogretim+Okulu/data=!4m7!3m6!1s0x14cab78a060b4d59:0x8d9a51c2fc200793!8m2!3d41.0209719!4d29.0176479!16s%2Fg%2F121l5t_c!19sChIJWU0LBoq3yhQRkwcg_MJRmo0?authuser=0&hl=en&rclk=1,Halil Rustu Ilkogretim Okulu,Public educational institution,"Mimar Sinan, 34664 Üsküdar/İstanbul, Türkiye","{""Friday"":[""8 am–6 pm""],""Monday"":[""8 am–6 pm""],""Saturday"":[""Closed""],""Sunday"":[""Closed""],""Thursday"":[""8 am–6 pm""],""Tuesday"":[""8 am–6 pm""],""Wednesday"":[""8 am–6 pm""]}",{},,+90 216 391 59 50,"22C9+93 Üsküdar, İstanbul, Türkiye",0,0.000000,"{""1"":0,""2"":0,""3"":0,""4"":0,""5"":0}",41.020972,29.017648,10203557803656742803,,,,https://lh3.googleusercontent.com/gps-cs-s/AG0ilSzoUuS37fCmBVEYU9cDkDRsM_dfi0NwV1H1dYiPkUdn_MtMT7KwvYiYEcVydQsm5C51IdAvdUOPr_4cMueu98iNnxvTPidQsrLgMYM-UnDdkis0r_0lSW4uAb_rkarIE9qwAKsz=w408-h544-k-no,Europe/Istanbul,,0x14cab78a060b4d59:0x8d9a51c2fc200793,"[{""title"":""All"",""image"":""https://lh3.googleusercontent.com/gps-cs-s/AG0ilSzoUuS37fCmBVEYU9cDkDRsM_dfi0NwV1H1dYiPkUdn_MtMT7KwvYiYEcVydQsm5C51IdAvdUOPr_4cMueu98iNnxvTPidQsrLgMYM-UnDdkis0r_0lSW4uAb_rkarIE9qwAKsz=w224-h298-k-no""}]",null,null,"{""link"":"""",""source"":""""}","{""id"":"""",""name"":""Halil Rustu Ilkogretim Okulu (Owner)"",""link"":""""}","{""borough"":""Mimar Sinan"",""street"":"""",""city"":""Üsküdar"",""postal_code"":""34664"",""state"":""İstanbul"",""country"":""TR""}","[{""id"":""accessibility"",""name"":""Accessibility"",""options"":[{""name"":""Wheelchair-accessible car park"",""enabled"":true},{""name"":""Wheelchair-accessible entrance"",""enabled"":true}]},{""id"":""amenities"",""name"":""Amenities"",""options"":[{""name"":""Toilet"",""enabled"":true}]}]",[],null,
c6d9da86-e5ab-4ece-80a1-2fa4745ef2f0,https://www.google.com/maps/place/Tevfik+Kut+Ilkogretim+Okulu/data=!4m7!3m6!1s0x14cab98522efb175:0x17c08ca69f4bd1ec!8m2!3d41.0059861!4d28.9631333!16s%2Fg%2F1tj3hd6z!19sChIJdbHvIoW5yhQR7NFLn6aMwBc?authuser=0&hl=en&rclk=1,Tevfik Kut Ilkogretim Okulu,Middle school,"Saraç İshak, İbrahim Paşa Ykş. No:7, 34130 Fatih/İstanbul, Türkiye",{},{},http://tevfikkut.meb.k12.tr/,+90 212 517 25 76,"2X47+97 Fatih, İstanbul, Türkiye",0,0.000000,"{""1"":0,""2"":0,""3"":0,""4"":0,""5"":0}",41.005986,28.963133,1711522505665794540,,,,https://lh3.googleusercontent.com/gps-cs-s/AG0ilSz8cp6sXzL-owHFq8kEt2MN6VCeXrZT2N67AQ849Obp9XB3tNE1sxho-6rUVjRsLE2Oe-EYybMJzI79uuxwH3s0xgQrwLOYt4DKWFMiIhmAFLECAEr1g4thF-xj9QkawoTamNcNVg=w426-h240-k-no,Europe/Istanbul,,0x14cab98522efb175:0x17c08ca69f4bd1ec,"[{""title"":""All"",""image"":""https://lh3.googleusercontent.com/gps-cs-s/AG0ilSz8cp6sXzL-owHFq8kEt2MN6VCeXrZT2N67AQ849Obp9XB3tNE1sxho-6rUVjRsLE2Oe-EYybMJzI79uuxwH3s0xgQrwLOYt4DKWFMiIhmAFLECAEr1g4thF-xj9QkawoTamNcNVg=w529-h298-k-no""},{""title"":""Street View \u0026 360°"",""image"":""https://streetviewpixels-pa.googleapis.com/v1/thumbnail?panoid=AZlsMYZacUEZwpajCjwt-A\u0026cb_client=maps_sv.tactile.gps\u0026w=224\u0026h=298\u0026yaw=284.8336\u0026pitch=0\u0026thumbfov=100""}]",null,null,"{""link"":"""",""source"":""""}","{""id"":""101538341313938384739"",""name"":""Tevfik Kut Ilkogretim Okulu (Owner)"",""link"":""https://www.google.com/maps/contrib/101538341313938384739""}","{""borough"":""Saraç İshak"",""street"":""İbrahim Paşa Ykş. No:7"",""city"":""Fatih"",""postal_code"":""34130"",""state"":""İstanbul"",""country"":""TR""}","[{""id"":""accessibility"",""name"":""Accessibility"",""options"":[{""name"":""Wheelchair-accessible car park"",""enabled"":true},{""name"":""Wheelchair-accessible entrance"",""enabled"":true}]}]",[],null,
c6d9da86-e5ab-4ece-80a1-2fa4745ef2f0,https://www.google.com/maps/place/Riyaziyeci+Salih+Zeki+Ilkogretim+Okulu/data=!4m7!3m6!1s0x14cab9f6399ec431:0x153b5d633a00f551!8m2!3d41.0258851!4d28.9541446!16s%2Fg%2F1tf91dvw!19sChIJMcSeOfa5yhQRUfUAOmNdOxU?authuser=0&hl=en&rclk=1,Riyaziyeci Salih Zeki Ilkogretim Okulu,Primary school,"Yavuz Sultan Selim, Dini Bütün Sk., 34083 Fatih/İstanbul, Türkiye",{},{},,+90 212 532 79 79,,0,0.000000,"{""1"":0,""2"":0,""3"":0,""4"":0,""5"":0}",41.025885,28.954145,1529919179178702161,,,,https://lh3.googleusercontent.com/gps-cs-s/AG0ilSwJ9wvTL-2Ba4intmKdFYY7PRfnZ9e7-qx8b6Rg1shcgLTGQOK7wtH3Q6jv2fscQSlQboMkSUwg8pw0Uijt5JVtZ7vF552SKxTYpV86jvuT1b4dwxZgioV9hbYGYobYycdltIqp=w408-h725-k-no,Europe/Istanbul,,0x14cab9f6399ec431:0x153b5d633a00f551,"[{""title"":""All"",""image"":""https://lh3.googleusercontent.com/gps-cs-s/AG0ilSwJ9wvTL-2Ba4intmKdFYY7PRfnZ9e7-qx8b6Rg1shcgLTGQOK7wtH3Q6jv2fscQSlQboMkSUwg8pw0Uijt5JVtZ7vF552SKxTYpV86jvuT1b4dwxZgioV9hbYGYobYycdltIqp=w224-h398-k-no""},{""title"":""Street View \u0026 360°"",""image"":""https://streetviewpixels-pa.googleapis.com/v1/thumbnail?panoid=cWQn29OyVee7BvrAM1Prsw\u0026cb_client=maps_sv.tactile.gps\u0026w=224\u0026h=298\u0026yaw=9.334547\u0026pitch=0\u0026thumbfov=100""},{""title"":""Videos"",""image"":""https://lh3.googleusercontent.com/gps-cs-s/AG0ilSxd3fiEh241f_MgWENYHjGJzD8KDPdvnWa5N73ZdnuUokQgIJf49Zn6OteTrgLthh9Z_-9cj3B7BMy65YurABKLgyhsFY4krgH5vg-ANy7D4d2Oo0TTFNEhQ-o8pfpKerOcthK4JA=w224-h398-k-no""}]",null,null,"{""link"":"""",""source"":""""}","{""id"":"""",""name"":""Riyaziyeci Salih Zeki Ilkogretim Okulu (Owner)"",""link"":""""}","{""borough"":"""",""street"":"""",""city"":"""",""postal_code"":"""",""state"":"""",""country"":""""}","[{""id"":""accessibility"",""name"":""Accessibility"",""options"":[{""name"":""Wheelchair-accessible car park"",""enabled"":true},{""name"":""Wheelchair-accessible entrance"",""enabled"":true}]}]",[],null,
c6d9da86-e5ab-4ece-80a1-2fa4745ef2f0,https://www.google.com/maps/place/Great+Re%C5%9Fitpa%C5%9Fa+Secondary+School/data=!4m7!3m6!1s0x14cab99440a0b0f1:0x266480404c848994!8m2!3d41.0111687!4d28.9720866!16s%2Fg%2F1tcwzvpr!19sChIJ8bCgQJS5yhQRlImETECAZCY?authuser=0&hl=en&rclk=1,Great Reşitpaşa Secondary School,Educational institution,"Molla Fenari, Adem Yavuz Sk. No:25, 34120 Fatih/İstanbul, Türkiye",{},{},https://buyukresitpasa.meb.k12.tr/,+90 212 522 94 06,"2X6C+FR Fatih, İstanbul, Türkiye",218,4.800000,"{""1"":4,""2"":1,""3"":4,""4"":6,""5"":203}",41.011169,28.972087,2766477084762343828,,,,https://lh3.googleusercontent.com/gps-cs-s/AG0ilSx_4ADBthhJ0FxnYMO7c_Uduhzf5MuN05ev8ptmdZ16pN-vghDICBqH_TR9c9xLaTY6xOAxFLaSdNh_G_AujJ_731SY1-BCBoJSKa0-lIGguScTxzWbdfFjb7dVraVorrabXq_a=w408-h306-k-no,Europe/Istanbul,,0x14cab99440a0b0f1:0x266480404c848994,"[{""title"":""All"",""image"":""https://lh3.googleusercontent.com/gps-cs-s/AG0ilSx_4ADBthhJ0FxnYMO7c_Uduhzf5MuN05ev8ptmdZ16pN-vghDICBqH_TR9c9xLaTY6xOAxFLaSdNh_G_AujJ_731SY1-BCBoJSKa0-lIGguScTxzWbdfFjb7dVraVorrabXq_a=w397-h298-k-no""},{""title"":""By owner"",""image"":""https://lh3.googleusercontent.com/p/AF1QipPAtvvTHagYzDJJqG10R_qP6EoXMW2oCJFsz221=w421-h298-k-no""},{""title"":""Street View \u0026 360°"",""image"":""https://streetviewpixels-pa.googleapis.com/v1/thumbnail?panoid=HbokZCiN55FSVnStNm3bGw\u0026cb_client=maps_sv.tactile.gps\u0026w=224\u0026h=298\u0026yaw=198.05777\u0026pitch=0\u0026thumbfov=100""}]",null,null,"{""link"":"""",""source"":""""}","{""id"":""111029536088991071184"",""name"":""Great Reşitpaşa Secondary School (Owner)"",""link"":""https://www.google.com/maps/contrib/111029536088991071184""}","{""borough"":""Mollafenari"",""street"":""Adem Yavuz Sk. No:25"",""city"":""Fatih"",""postal_code"":""34120"",""state"":""İstanbul"",""country"":""TR""}","[{""id"":""accessibility"",""name"":""Accessibility"",""options"":[{""name"":""Wheelchair-accessible car park"",""enabled"":true},{""name"":""Wheelchair-accessible entrance"",""enabled"":true},{""name"":""Wheelchair-accessible seating"",""enabled"":true},{""name"":""Wheelchair-accessible toilet"",""enabled"":true}]}]",[],null,
c6d9da86-e5ab-4ece-80a1-2fa4745ef2f0,https://www.google.com/maps/place/Ahmet+Emin+Yalman+Elementary+School/data=!4m7!3m6!1s0x14cab758b2e42fc3:0x307729755676892f!8m2!3d41.0344006!4d28.970167!16s%2Fg%2F1tgfsb9n!19sChIJwy_ksli3yhQRL4l2VnUpdzA?authuser=0&hl=en&rclk=1,Ahmet Emin Yalman Elementary School,Elementary school,"Yahya Kahya, Bahriye Cd. No:44, 34440 Kasımpaşa/Beyoğlu/Beyoğlu/İstanbul, Türkiye","{""Friday"":[""8 am–5 pm""],""Monday"":[""8 am–5 pm""],""Saturday"":[""Closed""],""Sunday"":[""Closed""],""Thursday"":[""8 am–5 pm""],""Tuesday"":[""8 am–5 pm""],""Wednesday"":[""8 am–5 pm""]}",{},,+90 212 238 98 62,"2XMC+Q3 Beyoğlu, İstanbul, Türkiye",0,0.000000,"{""1"":0,""2"":0,""3"":0,""4"":0,""5"":0}",41.034401,28.970167,3492305619987630383,,,,https://lh3.googleusercontent.com/gps-cs-s/AG0ilSxzSbkIBCUFOM1c6uVWwrg4X3X66i8t72SSt-dw7rcojB2LGTuqyonTXkOmelJF8jlsxCLgC6Vf9zu6ADCyhh8IFaoDx4_RD5cbJgVIB_lMzTvSxLGRRPnnT60XkY--7sVK3IyBCzNR3-0=w408-h873-k-no,Europe/Istanbul,,0x14cab758b2e42fc3:0x307729755676892f,"[{""title"":""All"",""image"":""https://lh3.googleusercontent.com/gps-cs-s/AG0ilSxzSbkIBCUFOM1c6uVWwrg4X3X66i8t72SSt-dw7rcojB2LGTuqyonTXkOmelJF8jlsxCLgC6Vf9zu6ADCyhh8IFaoDx4_RD5cbJgVIB_lMzTvSxLGRRPnnT60XkY--7sVK3IyBCzNR3-0=w224-h479-k-no""},{""title"":""Street View \u0026 360°"",""image"":""https://streetviewpixels-pa.googleapis.com/v1/thumbnail?panoid=_df37AQef-llas8QaXYVBg\u0026cb_client=maps_sv.tactile.gps\u0026w=224\u0026h=298\u0026yaw=103.87531\u0026pitch=0\u0026thumbfov=100""}]",null,null,"{""link"":"""",""source"":""""}","{""id"":"""",""name"":""Ahmet Emin Yalman Elementary School (Owner)"",""link"":""""}","{""borough"":""Yahya Kahya"",""street"":""Bahriye Cd. No:44"",""city"":""Kasımpaşa/Beyoğlu/Beyoğlu"",""postal_code"":""34440"",""state"":""İstanbul"",""country"":""TR""}","[{""id"":""accessibility"",""name"":""Accessibility"",""options"":[{""name"":""Wheelchair-accessible car park"",""enabled"":true},{""name"":""Wheelchair-accessible entrance"",""enabled"":true}]}]",[],null,
c6d9da86-e5ab-4ece-80a1-2fa4745ef2f0,https://www.google.com/maps/place/Private+Galata+Greek+Primary+School/data=!4m7!3m6!1s0x14cab9e709b13aab:0x5311d205e67d6469!8m2!3d41.0258954!4d28.9781318!16s%2Fg%2F1ptzdfz88!19sChIJqzqxCee5yhQRaWR95gXSEVM?authuser=0&hl=en&rclk=1,Private Galata Greek Primary School,Charter school,"Kemankeş Karamustafa Paşa, Kemeraltı Cd. No:49, 34425 Beyoğlu/İstanbul, Türkiye",{},{},,+90 212 293 63 73,,0,0.000000,"{""1"":0,""2"":0,""3"":0,""4"":0,""5"":0}",41.025895,28.978132,5985796302535746665,,,,https://lh3.googleusercontent.com/gps-cs-s/AG0ilSxU-N8W_H_dL5eqpYweirBTov_tuXYmhT6Y5bRHnWoGl9gQxzQTGnVQ0jutFS2LS9_8A7hmrt8HyPkBby4CdWB4I7YyW-XBbwpMCZJE4fisySE-POaDzXYzT4g6SbMsS4br2CUDRrkLPITR=w408-h544-k-no,Europe/Istanbul,,0x14cab9e709b13aab:0x5311d205e67d6469,"[{""title"":""All"",""image"":""https://lh3.googleusercontent.com/gps-cs-s/AG0ilSxU-N8W_H_dL5eqpYweirBTov_tuXYmhT6Y5bRHnWoGl9gQxzQTGnVQ0jutFS2LS9_8A7hmrt8HyPkBby4CdWB4I7YyW-XBbwpMCZJE4fisySE-POaDzXYzT4g6SbMsS4br2CUDRrkLPITR=w224-h298-k-no""},{""title"":""Latest"",""image"":""https://lh3.googleusercontent.com/gps-cs-s/AG0ilSw95HdJlg_cSpo9dF9BSj4iRWJOUMC1IOr2gBrpt8xd5Qgf6oS7HiJ3WuHAlcuX_UJw9QijG-BEkJsQwsmC8YVRemBrrtQPZFrEDwE3mxSXssZFGPFRmQAVCpS9P3edsFrcoAl9i1RUtpvx=w650-h298-k-no""},{""title"":""Videos"",""image"":""https://lh3.googleusercontent.com/gps-cs-s/AG0ilSw2UJVpJGfGHbE41WLRtIrmQPXWuORky5kYhGNuxHJTSQhSuQ0Oh00U0FPyfrYEQz4HULtUXZcbw8mLHtQWEpKgivp0qybcivft4wRQG7GRxwHsQSy3rST4vmO-p6wmyCVQgFizXM7nkldt=w224-h398-k-no""},{""title"":""Street View \u0026 360°"",""image"":""https://lh3.googleusercontent.com/gps-cs-s/AG0ilSxOVCoSsd_xgjgzkWPvLDmAN94zaJJxnb8Khd1tmRlhL7MdkLE1y4w0ftMqeuRlK00A_UJbZJ5wCI1J_y5GYi4KB9YnqqqO1jrMu9RJSpSxPR2YMB0L8rAekp3_q92i56kjRHDo=w224-h298-k-no-pi0-ya12.999998-ro-0-fo100""}]",null,null,"{""link"":"""",""source"":""""}","{""id"":"""",""name"":""Private Galata Greek Primary School (Owner)"",""link"":""""}","{""borough"":"""",""street"":"""",""city"":"""",""postal_code"":"""",""state"":"""",""country"":""""}","[{""id"":""accessibility"",""name"":""Accessibility"",""options"":[{""name"":""Wheelchair-accessible car park"",""enabled"":false},{""name"":""Wheelchair-accessible entrance"",""enabled"":false}]}]",[],null,
c6d9da86-e5ab-4ece-80a1-2fa4745ef2f0,https://www.google.com/maps/place/Beyazit+Ford+Otosan+%C4%B0lkokulu/data=!4m7!3m6!1s0x14cab98e7c2fb339:0x1aea5f96c5687444!8m2!3d41.0123641!4d28.9619384!16s%2Fg%2F1tg9vxxj!19sChIJObMvfI65yhQRRHRoxZZf6ho?authuser=0&hl=en&rclk=1,Beyazit Ford Otosan İlkokulu,Primary school,"Pr. Dr. Ümit Yaşar Doğanay sk No1 Vezneciler, 34116 Fatih/İstanbul, Türkiye","{""Friday"":[""8:30 am–5 pm""],""Monday"":[""8:30 am–5 pm""],""Saturday"":[""Closed""],""Sunday"":[""8:30 am–5 pm""],""Thursday"":[""8:30 am–5 pm""],""Tuesday"":[""8:30 am–5 pm""],""Wednesday"":[""8:30 am–5 pm""]}",{},,+90 212 522 52 02,"2X66+WQ Fatih, İstanbul, Türkiye",0,0.000000,"{""1"":0,""2"":0,""3"":0,""4"":0,""5"":0}",41.012364,28.961938,1939467690698110020,,,,https://lh3.googleusercontent.com/gps-cs-s/AG0ilSxuwmamM9yGuBKq5TU2c59oUbwypbutZZFrvcHeT3c_3bS1bRezV79JOZyvOiVaPwQoDKtcSK0FCi2qgBcdhfneaLKEpAsn9_4ns-TTfSHc_avR05IcmjHEQpBLhepFRtBUCaJZPg=w408-h306-k-no,Europe/Istanbul,,0x14cab98e7c2fb339:0x1aea5f96c5687444,"[{""title"":""All"",""image"":""https://lh3.googleusercontent.com/gps-cs-s/AG0ilSxuwmamM9yGuBKq5TU2c59oUbwypbutZZFrvcHeT3c_3bS1bRezV79JOZyvOiVaPwQoDKtcSK0FCi2qgBcdhfneaLKEpAsn9_4ns-TTfSHc_avR05IcmjHEQpBLhepFRtBUCaJZPg=w397-h298-k-no""},{""title"":""Street View \u0026 360°"",""image"":""https://streetviewpixels-pa.googleapis.com/v1/thumbnail?panoid=QKHT04H_7hTujqf3i5KCIQ\u0026cb_client=maps_sv.tactile.gps\u0026w=224\u0026h=298\u0026yaw=174.23862\u0026pitch=0\u0026thumbfov=100""}]",null,null,"{""link"":"""",""source"":""""}","{""id"":""110221112693909359998"",""name"":""Beyazit Ford Otosan İlkokulu (Owner)"",""link"":""https://www.google.com/maps/contrib/110221112693909359998""}","{""borough"":""Süleymaniye"",""street"":""Pr. Dr. Ümit Yaşar Doğanay sk No1 Vezneciler"",""city"":""Fatih"",""postal_code"":""34116"",""state"":""İstanbul"",""country"":""TR""}","[{""id"":""accessibility"",""name"":""Accessibility"",""options"":[{""name"":""Wheelchair-accessible car park"",""enabled"":true},{""name"":""Wheelchair-accessible entrance"",""enabled"":true}]}]",[],null,
